{"cameraMode":{"drawMode":0,"name":"Shaded","section":"Shading Mode"},"sceneLighting":false,"audioPlay":false,"sceneViewState":{"showFog":true,"showMaterialUpdate":false,"showSkybox":false,"showFlares":true,"showImageEffects":true,"showParticleSystems":true,"showVisualEffectGraphs":true,"m_FxEnabled":true},"in2DMode":false,"pivot":{"x":0.7000000476837158,"y":1.149999976158142,"z":0.050831250846385959},"rotation":{"x":0.0037884151097387077,"y":0.9956372380256653,"z":-0.046329230070114139,"w":0.08114021271467209},"size":1.3472466468811036,"orthographic":false}