{"cameraMode":{"drawMode":0,"name":"Shaded","section":"Shading Mode"},"sceneLighting":false,"audioPlay":false,"sceneViewState":{"showFog":true,"showMaterialUpdate":false,"showSkybox":false,"showFlares":true,"showImageEffects":true,"showParticleSystems":true,"showVisualEffectGraphs":true,"m_FxEnabled":true},"in2DMode":false,"pivot":{"x":-1.7443634271621705,"y":1.2836531400680543,"z":37.49882507324219},"rotation":{"x":-0.0008252378320321441,"y":-0.9990642070770264,"z":-0.038085125386714938,"w":0.021278074011206628},"size":6.203323841094971,"orthographic":false}