{"cameraMode":{"drawMode":0,"name":"Shaded","section":"Shading Mode"},"sceneLighting":false,"audioPlay":false,"sceneViewState":{"showFog":true,"showMaterialUpdate":false,"showSkybox":false,"showFlares":true,"showImageEffects":true,"showParticleSystems":true,"showVisualEffectGraphs":true,"m_FxEnabled":true},"in2DMode":false,"pivot":{"x":-0.3288337290287018,"y":1.9373611211776734,"z":-1.9483075141906739},"rotation":{"x":0.0037884151097387077,"y":0.9956372380256653,"z":-0.046329230070114139,"w":0.08114021271467209},"size":3.049740791320801,"orthographic":false}