{"cameraMode":{"drawMode":0,"name":"Shaded","section":"Shading Mode"},"sceneLighting":false,"audioPlay":false,"sceneViewState":{"showFog":true,"showMaterialUpdate":false,"showSkybox":false,"showFlares":true,"showImageEffects":true,"showParticleSystems":true,"showVisualEffectGraphs":true,"m_FxEnabled":true},"in2DMode":false,"pivot":{"x":0.10960184782743454,"y":0.2380686104297638,"z":0.5324797630310059},"rotation":{"x":0.0037456494756042959,"y":-0.9955183267593384,"z":0.08321813493967056,"w":0.044809866696596149},"size":0.06123724579811096,"orthographic":false}