{"cameraMode":{"drawMode":0,"name":"Shaded","section":"Shading Mode"},"sceneLighting":false,"audioPlay":false,"sceneViewState":{"showFog":true,"showMaterialUpdate":false,"showSkybox":false,"showFlares":true,"showImageEffects":true,"showParticleSystems":true,"showVisualEffectGraphs":true,"m_FxEnabled":true},"in2DMode":false,"pivot":{"x":0.008155286312103272,"y":0.17904001474380494,"z":2.384185791015625e-7},"rotation":{"x":-0.020240651443600656,"y":-0.1235668808221817,"z":0.0025219894014298918,"w":-0.9921308755874634},"size":0.30147069692611697,"orthographic":false}