{"cameraMode":{"drawMode":0,"name":"Shaded","section":"Shading Mode"},"sceneLighting":false,"audioPlay":false,"sceneViewState":{"showFog":true,"showMaterialUpdate":false,"showSkybox":false,"showFlares":true,"showImageEffects":true,"showParticleSystems":true,"showVisualEffectGraphs":true,"m_FxEnabled":true},"in2DMode":false,"pivot":{"x":0.6659817099571228,"y":-5.276937961578369,"z":37.36620330810547},"rotation":{"x":0.11673303693532944,"y":0.005938585381954908,"z":-0.0007016539457254112,"w":0.9931627511978149},"size":20.738733291625978,"orthographic":false}