{"cameraMode":{"drawMode":0,"name":"Shaded","section":"Shading Mode"},"sceneLighting":false,"audioPlay":false,"sceneViewState":{"showFog":true,"showMaterialUpdate":false,"showSkybox":false,"showFlares":true,"showImageEffects":true,"showParticleSystems":true,"showVisualEffectGraphs":true,"m_FxEnabled":true},"in2DMode":false,"pivot":{"x":-0.3308582305908203,"y":1.3694782257080079,"z":0.1964704990386963},"rotation":{"x":0.12209352850914002,"y":-0.0000014928776863598615,"z":0.0000020921418126818027,"w":0.992529034614563},"size":2.1424825191497804,"orthographic":false}